{
  "train_losses": [
    2.4654863929748534,
    1.855259552001953,
    1.5563371229171752,
    1.245198073387146,
    1.1187783813476562,
    1.0465892457962036,
    0.8786732697486878,
    0.7302086019515991,
    0.7633768606185913,
    0.7110509920120239,
    0.6531270468235015,
    0.6393960165977478,
    0.5960788285732269,
    0.5857242250442505,
    0.5493638062477112,
    0.5327277064323426,
    0.5017103397846222,
    0.4887231957912445,
    0.502300455570221,
    0.5921841621398926,
    0.4488700008392334,
    0.43693160951137544,
    0.47836510062217713,
    0.4830862510204315,
    0.42987010478973386,
    0.4297055566310883,
    0.4701887273788452,
    0.39103911697864535,
    0.4217693483829498,
    0.38347926914691927,
    0.4422553515434265
  ],
  "val_losses": [
    1.4746350944042206,
    1.3696667194366454,
    1.1784174680709838,
    0.9213054537773132,
    0.7279514908790589,
    0.6767608761787415,
    0.5855697870254517,
    0.603926706314087,
    0.47965905964374544,
    0.3918556809425354,
    0.35811234414577486,
    0.3849681973457336,
    0.39529499411582947,
    0.3723247438669205,
    0.35226048082113265,
    0.32805470526218417,
    0.30908976346254347,
    0.30858981013298037,
    0.3473199069499969,
    0.27912309765815735,
    0.28941404819488525,
    0.3179966151714325,
    0.2805182099342346,
    0.314227257668972,
    0.29136380851268767,
    0.2821402683854103,
    0.2686550781130791,
    0.2797211542725563,
    0.27686982303857804,
    0.2884238243103027,
    0.2861316964030266
  ],
  "train_accs": [
    13.376623376623376,
    25.714285714285715,
    38.18181818181818,
    49.09090909090909,
    52.467532467532465,
    52.33766233766234,
    63.63636363636363,
    64.93506493506493,
    62.857142857142854,
    64.93506493506493,
    65.84415584415585,
    70.3896103896104,
    68.18181818181819,
    68.7012987012987,
    69.74025974025975,
    72.59740259740259,
    71.2987012987013,
    72.46753246753246,
    75.32467532467533,
    73.11688311688312,
    74.93506493506493,
    76.23376623376623,
    73.11688311688312,
    77.79220779220779,
    74.15584415584415,
    77.66233766233766,
    75.32467532467533,
    76.36363636363636,
    77.27272727272727,
    75.58441558441558,
    75.71428571428571
  ],
  "val_accs": [
    30.434782608695652,
    15.217391304347826,
    24.63768115942029,
    40.57971014492754,
    48.55072463768116,
    52.89855072463768,
    57.971014492753625,
    58.69565217391305,
    65.21739130434783,
    73.18840579710145,
    78.26086956521739,
    71.01449275362319,
    73.18840579710145,
    71.01449275362319,
    74.6376811594203,
    76.08695652173913,
    75.3623188405797,
    75.3623188405797,
    71.73913043478261,
    81.8840579710145,
    84.05797101449275,
    75.3623188405797,
    83.33333333333333,
    77.53623188405797,
    79.71014492753623,
    80.43478260869566,
    83.33333333333333,
    78.98550724637681,
    81.8840579710145,
    80.43478260869566,
    81.8840579710145
  ],
  "f1_scores": [
    0.2604079540913011,
    0.1351490872653923,
    0.2909256122845847,
    0.35794776612395063,
    0.4776887366459667,
    0.5020163277617176,
    0.5898946181452277,
    0.5952784535422185,
    0.6493958954428062,
    0.7290880830011265,
    0.7947282322304193,
    0.7025677089902422,
    0.7337023114154672,
    0.7032010355750713,
    0.7537742462933985,
    0.7736405921112253,
    0.7776977024967336,
    0.7644371245081815,
    0.7331356275245887,
    0.8206977635467337,
    0.8485570797925289,
    0.7622268843289481,
    0.8425636630116111,
    0.7819888528813015,
    0.8062045061057356,
    0.8106373111748025,
    0.8384256593959778,
    0.7859715147369151,
    0.8219858302238165,
    0.8031493092826573,
    0.8148908276962459
  ],
  "final_metrics": {
    "best_f1_weighted": 0.8485570797925289,
    "final_accuracy": 84.05797101449275,
    "final_f1_macro": 0.8009124755234596
  },
  "config": {
    "model": "resnet50",
    "unfreeze_mode": 0,
    "loss_function": "focalloss",
    "batch_size": 32,
    "epochs": 50,
    "fc_layers": null
  }
}