{
  "train_losses": [
    2.510856237411499,
    1.8546342658996582,
    1.5200361585617066,
    1.2688617014884949,
    1.0787727451324463,
    0.9483978438377381,
    0.8569741082191468,
    0.7693638932704926,
    1.0806462395191192,
    0.7627584290504456,
    0.6854628109931946,
    0.8142425203323365,
    0.5963998973369599,
    0.6022119951248169,
    0.5620477497577667,
    0.3299078592658043,
    0.19115137666463852,
    0.08351236626505852,
    0.04527384312823415,
    0.04221741969697177,
    0.02568476088810712,
    0.019805089267902077,
    0.18695645887521095,
    0.05535481203784002,
    0.009694656593492255,
    0.002669250257895328,
    0.007364911044714972,
    0.002997802981553832,
    0.004774934500674135,
    0.11794941079686395,
    0.02453130462752597,
    0.15579125954471237,
    0.02087144244571391,
    0.007483666455955245,
    0.017932001034132554,
    0.020946207460874576,
    0.0023254489405735513,
    0.031407910136877035,
    0.13232500032303507,
    0.16697722950910246,
    0.0007611995784100145,
    0.01748791078440263,
    0.04905469948545942
  ],
  "val_losses": [
    1.723442792892456,
    1.2714414119720459,
    0.9842793405056,
    0.8100816786289216,
    0.7463658034801484,
    0.6872921705245971,
    0.5129258215427399,
    0.5270251363515854,
    0.47168998420238495,
    0.4817058205604553,
    0.47103466391563414,
    0.3757155179977417,
    0.37572709023952483,
    0.3481427267193794,
    0.3790431618690491,
    0.21364581286907197,
    0.19452866911888123,
    0.19731493145227433,
    0.16714173704385757,
    0.3200766108930111,
    0.20080967694520951,
    0.2226234070956707,
    0.2234169974923134,
    0.19199288338422776,
    0.2081281438469887,
    0.19852155447006226,
    0.21854581236839293,
    0.23076911717653276,
    0.1723942629992962,
    0.19428743794560432,
    0.20596679002046586,
    0.19276153668761253,
    0.17722949758172035,
    0.18754442781209946,
    0.17099969014525412,
    0.17610694766044616,
    0.187754525244236,
    0.20220869705080985,
    0.18329958021640777,
    0.17596315033733845,
    0.18622934371232985,
    0.1905997574329376,
    0.21828431636095047
  ],
  "train_accs": [
    15.194805194805195,
    25.324675324675326,
    39.22077922077922,
    45.97402597402598,
    54.54545454545455,
    56.62337662337662,
    59.74025974025974,
    63.116883116883116,
    64.02597402597402,
    64.8051948051948,
    68.44155844155844,
    69.35064935064935,
    73.50649350649351,
    68.83116883116882,
    73.37662337662337,
    80.9090909090909,
    88.44155844155844,
    93.8961038961039,
    97.01298701298701,
    97.01298701298701,
    98.44155844155844,
    99.22077922077922,
    98.83116883116882,
    99.6103896103896,
    99.6103896103896,
    99.6103896103896,
    99.87012987012987,
    100.0,
    99.6103896103896,
    99.35064935064935,
    99.6103896103896,
    99.74025974025975,
    99.74025974025975,
    100.0,
    100.0,
    99.87012987012987,
    99.74025974025975,
    99.74025974025975,
    99.74025974025975,
    99.6103896103896,
    100.0,
    99.48051948051948,
    99.87012987012987
  ],
  "val_accs": [
    4.3478260869565215,
    29.71014492753623,
    41.30434782608695,
    44.20289855072464,
    50.72463768115942,
    51.44927536231884,
    69.56521739130434,
    57.2463768115942,
    65.94202898550725,
    59.42028985507246,
    65.21739130434783,
    72.46376811594203,
    71.01449275362319,
    77.53623188405797,
    76.08695652173913,
    84.78260869565217,
    84.05797101449275,
    85.5072463768116,
    85.5072463768116,
    84.05797101449275,
    86.95652173913044,
    83.33333333333333,
    84.78260869565217,
    87.68115942028986,
    86.23188405797102,
    86.23188405797102,
    84.78260869565217,
    86.23188405797102,
    86.23188405797102,
    86.95652173913044,
    86.23188405797102,
    86.95652173913044,
    88.40579710144928,
    86.23188405797102,
    87.68115942028986,
    85.5072463768116,
    87.68115942028986,
    86.23188405797102,
    88.40579710144928,
    87.68115942028986,
    86.95652173913044,
    86.23188405797102,
    86.95652173913044
  ],
  "f1_scores": [
    0.017379521621303167,
    0.24138320385821205,
    0.413997371177005,
    0.42996231844167915,
    0.4640246462249597,
    0.5172021130948925,
    0.6889233350656475,
    0.5836306234826469,
    0.6764517670944892,
    0.6064232396367817,
    0.6616223160536362,
    0.7305438494836055,
    0.7209931927170783,
    0.7808087627558327,
    0.7642999425962337,
    0.8444913615453344,
    0.8389701593037425,
    0.8517181118897336,
    0.8568533531632073,
    0.8366846347462447,
    0.862220125886462,
    0.827655899516847,
    0.8435294115656411,
    0.8774061039564472,
    0.8545097081959085,
    0.8573751326000201,
    0.845994544246292,
    0.8620006164409496,
    0.8623885173293537,
    0.8669570771552867,
    0.8483000764427985,
    0.865897477135165,
    0.8850962640465959,
    0.8612323238036936,
    0.8783426089166811,
    0.8499777702046133,
    0.8770726965807056,
    0.8541945373962433,
    0.8841256565587186,
    0.8746058347239821,
    0.8648622804477945,
    0.8536930530314274,
    0.8604879690654739
  ],
  "final_metrics": {
    "best_f1_weighted": 0.8850962640465959,
    "final_accuracy": 88.40579710144928,
    "final_f1_macro": 0.8808410337341993
  },
  "config": {
    "model": "resnet50",
    "unfreeze_mode": 2,
    "loss_function": "focalloss",
    "batch_size": 32,
    "epochs": 50,
    "fc_layers": null
  }
}