{
  "train_losses": [
    2.166615591049194,
    1.8243612003326417,
    1.6043604707717896,
    1.3261336708068847,
    1.2020473170280457,
    1.2124073815345764,
    0.9880562925338745,
    0.8903039979934693,
    0.8950968790054321,
    0.9265768265724182,
    0.8124475193023681,
    0.8709472751617432,
    0.7886870324611663,
    0.7299030101299286,
    0.7067139077186585,
    0.6143959099054337,
    0.14789095878601075,
    0.06605482099577785,
    0.05955069359391928,
    0.07692550289444626,
    0.11500998398289085,
    0.03171564120799303,
    0.03356390926754102,
    0.015903010400943458,
    0.012300942069850862,
    0.017093628552975134,
    0.04454246179317124,
    0.009476947229704819,
    0.007492286477936432,
    0.005320070167072117,
    0.009593013693229296,
    0.004297164519084617,
    0.011626449805044103,
    0.004503802572144195,
    0.018267813048150856,
    0.006706830356270075,
    0.0034055164799792694,
    0.008493914208374918,
    0.03779606127907755,
    0.05587411063141189,
    0.004576923772692681
  ],
  "val_losses": [
    2.6271517992019655,
    2.0459042310714723,
    1.8961199283599854,
    1.6497349977493285,
    1.3910808563232422,
    1.3212483286857606,
    1.1350366115570067,
    1.0599016308784486,
    1.0198967814445496,
    0.8633991360664368,
    0.8433653116226196,
    0.8775518774986267,
    0.7850452303886414,
    0.7471345126628876,
    0.7392607390880584,
    0.37700503766536714,
    0.32368139624595643,
    0.39598084092140196,
    0.3290336634963751,
    0.3563651472330093,
    0.40719960927963256,
    0.374468669295311,
    0.46467379927635194,
    0.41139190047979357,
    0.331279918551445,
    0.32222839146852494,
    0.3682332158088684,
    0.387841010093689,
    0.3492617875337601,
    0.34997235536575316,
    0.3090147227048874,
    0.3696900695562363,
    0.3718277096748352,
    0.3432495266199112,
    0.3669550508260727,
    0.3486297845840454,
    0.3536109387874603,
    0.3508996874094009,
    0.3058561533689499,
    0.3076708823442459,
    0.33799936473369596
  ],
  "train_accs": [
    15.454545454545455,
    24.155844155844157,
    39.35064935064935,
    44.8051948051948,
    49.61038961038961,
    54.675324675324674,
    61.81818181818182,
    65.45454545454545,
    68.57142857142857,
    65.71428571428571,
    66.88311688311688,
    68.44155844155844,
    71.81818181818181,
    73.11688311688312,
    73.37662337662337,
    80.77922077922078,
    95.06493506493507,
    98.44155844155844,
    98.31168831168831,
    98.57142857142857,
    99.35064935064935,
    99.48051948051948,
    99.74025974025975,
    99.6103896103896,
    100.0,
    99.87012987012987,
    99.87012987012987,
    100.0,
    99.87012987012987,
    100.0,
    100.0,
    100.0,
    100.0,
    100.0,
    100.0,
    100.0,
    100.0,
    100.0,
    99.87012987012987,
    99.87012987012987,
    100.0
  ],
  "val_accs": [
    7.246376811594203,
    29.71014492753623,
    28.26086956521739,
    44.20289855072464,
    70.28985507246377,
    68.1159420289855,
    61.594202898550726,
    71.01449275362319,
    65.94202898550725,
    75.3623188405797,
    76.08695652173913,
    73.91304347826087,
    75.3623188405797,
    81.15942028985508,
    76.08695652173913,
    85.5072463768116,
    88.40579710144928,
    84.78260869565217,
    87.68115942028986,
    86.23188405797102,
    88.40579710144928,
    89.1304347826087,
    87.68115942028986,
    87.68115942028986,
    89.1304347826087,
    88.40579710144928,
    89.85507246376811,
    88.40579710144928,
    89.1304347826087,
    89.85507246376811,
    89.85507246376811,
    89.1304347826087,
    89.1304347826087,
    89.1304347826087,
    89.1304347826087,
    89.1304347826087,
    89.1304347826087,
    89.85507246376811,
    89.85507246376811,
    89.85507246376811,
    89.1304347826087
  ],
  "f1_scores": [
    0.07764771460423633,
    0.2386360146910019,
    0.25032562414606685,
    0.4082654102243891,
    0.6928940176348981,
    0.6855267391367228,
    0.6302462203083321,
    0.7403577547065555,
    0.6551610884117187,
    0.758962114121854,
    0.7581319621726049,
    0.7600264584388208,
    0.7521343282007102,
    0.8195265536910891,
    0.7702262134150679,
    0.8472717536676638,
    0.8818902927876411,
    0.8438660506077509,
    0.8796518407462934,
    0.8624785504138692,
    0.8858455714822907,
    0.8931101782101813,
    0.875121980814118,
    0.8702707808873507,
    0.8880863607398412,
    0.8814699578743089,
    0.8958912987248264,
    0.8820803669554826,
    0.8917689437222224,
    0.897523190722105,
    0.8993225387171052,
    0.8912428724203804,
    0.8882539887430079,
    0.8912428724203804,
    0.8882539887430079,
    0.8923960671817617,
    0.8906608210411445,
    0.8971744032986485,
    0.898562353166971,
    0.8975707010250368,
    0.8903120336176881
  ],
  "final_metrics": {
    "best_f1_weighted": 0.8993225387171052,
    "final_accuracy": 89.85507246376811,
    "final_f1_macro": 0.8800110117579323
  },
  "config": {
    "model": "resnet50",
    "unfreeze_mode": 2,
    "loss_function": "weightedce",
    "batch_size": 32,
    "epochs": 50,
    "fc_layers": null
  }
}