{
  "train_losses": [
    2.144335961341858,
    1.8018014812469483,
    1.5368436527252198,
    1.3638989162445068,
    1.245678961277008,
    1.1374596881866454,
    1.0483181619644164,
    0.9376102614402771,
    0.9738079476356506,
    0.9069356966018677,
    0.7993444573879241,
    0.795409619808197,
    0.810259940624237,
    0.7389463812112809,
    0.7186989092826843,
    0.666964635848999,
    0.6492414391040802,
    0.6953762483596801,
    0.6513474130630493,
    0.6751845872402191,
    0.6706623947620391,
    0.7232194685935974,
    0.597844854593277,
    0.6975717687606812,
    0.6554499864578247,
    0.5616042363643646,
    0.7075253260135651,
    0.6284600353240967,
    0.6266821014881134,
    0.5520327889919281,
    0.6241171813011169,
    0.491090372800827,
    0.5642085576057434,
    0.5632436907291413,
    0.5338340163230896,
    0.5001255118846893,
    0.6114801859855652,
    0.5413753008842468,
    0.7238097774982453,
    0.5766770601272583
  ],
  "val_losses": [
    2.3474721908569336,
    2.068626141548157,
    1.6415336370468139,
    1.491643452644348,
    1.3051676988601684,
    1.2810050249099731,
    1.2027854800224305,
    1.1315588235855103,
    1.0624116897583007,
    1.0295953035354615,
    0.9076876997947693,
    0.8323283910751342,
    0.8159391522407532,
    0.842329227924347,
    0.7945883631706238,
    0.6788485646247864,
    0.671349024772644,
    0.6652476072311402,
    0.7225621700286865,
    0.7130418598651886,
    0.6822161138057709,
    0.6095408737659455,
    0.628224778175354,
    0.5786743402481079,
    0.5796459496021271,
    0.6005360722541809,
    0.6139884233474732,
    0.64012211561203,
    0.5797051668167115,
    0.5876417517662048,
    0.5801318347454071,
    0.568345046043396,
    0.548264068365097,
    0.5490191161632538,
    0.5859627842903137,
    0.5797772288322449,
    0.5422457218170166,
    0.5762434959411621,
    0.5604313910007477,
    0.5596903681755065
  ],
  "train_accs": [
    13.896103896103897,
    25.584415584415584,
    36.493506493506494,
    49.35064935064935,
    52.467532467532465,
    58.311688311688314,
    58.83116883116883,
    64.8051948051948,
    61.81818181818182,
    65.84415584415585,
    70.9090909090909,
    70.12987012987013,
    66.62337662337663,
    69.0909090909091,
    73.11688311688312,
    73.11688311688312,
    75.45454545454545,
    72.85714285714286,
    73.63636363636364,
    75.1948051948052,
    73.63636363636364,
    75.97402597402598,
    73.37662337662337,
    75.45454545454545,
    77.92207792207792,
    77.40259740259741,
    75.97402597402598,
    76.62337662337663,
    78.96103896103897,
    77.79220779220779,
    78.57142857142857,
    81.55844155844156,
    80.9090909090909,
    77.66233766233766,
    78.57142857142857,
    80.25974025974025,
    76.36363636363636,
    80.9090909090909,
    77.01298701298701,
    78.05194805194805
  ],
  "val_accs": [
    7.971014492753623,
    21.014492753623188,
    47.82608695652174,
    54.34782608695652,
    63.04347826086956,
    55.79710144927536,
    56.52173913043478,
    59.42028985507246,
    68.1159420289855,
    72.46376811594203,
    72.46376811594203,
    71.73913043478261,
    76.08695652173913,
    73.91304347826087,
    77.53623188405797,
    79.71014492753623,
    83.33333333333333,
    80.43478260869566,
    81.15942028985508,
    79.71014492753623,
    79.71014492753623,
    84.05797101449275,
    81.15942028985508,
    84.05797101449275,
    84.05797101449275,
    82.6086956521739,
    81.15942028985508,
    83.33333333333333,
    84.05797101449275,
    86.95652173913044,
    83.33333333333333,
    84.78260869565217,
    82.6086956521739,
    85.5072463768116,
    83.33333333333333,
    81.8840579710145,
    86.23188405797102,
    84.05797101449275,
    84.05797101449275,
    82.6086956521739
  ],
  "f1_scores": [
    0.05256705459874903,
    0.12599624961275016,
    0.44277186912357835,
    0.5226374629216686,
    0.6533518867627952,
    0.5486737669739727,
    0.5834143292944134,
    0.5326362527901453,
    0.7166858618623368,
    0.7446263380951471,
    0.7437810117157944,
    0.7368256309087978,
    0.7640109360933159,
    0.7538014787489579,
    0.7779307552392174,
    0.7718435783618309,
    0.8351331394708701,
    0.794281990027421,
    0.8141710549545417,
    0.802129097093656,
    0.8090189655126322,
    0.8345667760653659,
    0.8203819110246331,
    0.8480535629843154,
    0.8389711912535339,
    0.8236719153415497,
    0.8157634349952797,
    0.8400071415194289,
    0.8398427000864912,
    0.8711632884456192,
    0.8307793600693635,
    0.845418856505813,
    0.8295777269050926,
    0.8477872001974082,
    0.8331940882395888,
    0.8248811515265272,
    0.8595114371465326,
    0.8332492508768501,
    0.8361180658738115,
    0.8255892433742751
  ],
  "final_metrics": {
    "best_f1_weighted": 0.8711632884456192,
    "final_accuracy": 86.95652173913044,
    "final_f1_macro": 0.8328096228863493
  },
  "config": {
    "model": "resnet50",
    "unfreeze_mode": 0,
    "loss_function": "weightedce",
    "batch_size": 32,
    "epochs": 50,
    "fc_layers": null
  }
}