{
  "train_losses": [
    2.2295937061309816,
    1.74407808303833,
    1.540095615386963,
    1.4080332279205323,
    1.2140567016601562,
    1.0903261804580688,
    1.072195599079132,
    0.9536876583099365,
    0.8956607747077941,
    0.9186854529380798,
    0.838113899230957,
    0.7732063460350037,
    0.7640005147457123,
    0.7489127016067505,
    0.7545422971248626,
    0.5403584551811218,
    0.25905911237001417,
    0.17795459866523744,
    0.0733013056218624,
    0.08802552487701178,
    0.048585367389023304,
    0.028958056960254906,
    0.058873404492624105,
    0.03690611216239631,
    0.011101537109352648,
    0.01213180057471618,
    0.01557495326618664,
    0.09788607797818258,
    0.003975421157665551,
    0.026291061739902942,
    0.04068426572252065,
    0.00598339332267642,
    0.01769969629240222
  ],
  "val_losses": [
    2.395954060554504,
    1.9889234066009522,
    1.570459246635437,
    1.4433251857757567,
    1.1978403449058532,
    1.230449104309082,
    1.0821770548820495,
    1.053797423839569,
    0.9055049300193787,
    0.9254399836063385,
    0.8500282049179078,
    0.8007915377616882,
    0.7713093161582947,
    0.7579592347145081,
    0.7145537614822388,
    0.4619486004114151,
    0.3734969049692154,
    0.3999731719493866,
    0.3725132644176483,
    0.33661800920963286,
    0.3088488817214966,
    0.3504063874483109,
    0.2777456670999527,
    0.33591373860836027,
    0.3551833003759384,
    0.3538366913795471,
    0.3353765904903412,
    0.35068225860595703,
    0.318155312538147,
    0.34213632345199585,
    0.36735144853591917,
    0.337121856212616,
    0.3436313599348068
  ],
  "train_accs": [
    10.519480519480519,
    25.714285714285715,
    39.61038961038961,
    47.01298701298701,
    51.688311688311686,
    56.36363636363637,
    59.35064935064935,
    62.20779220779221,
    67.92207792207792,
    66.49350649350649,
    65.32467532467533,
    70.64935064935065,
    71.55844155844156,
    71.16883116883118,
    72.20779220779221,
    78.7012987012987,
    91.03896103896103,
    93.76623376623377,
    98.44155844155844,
    99.6103896103896,
    99.48051948051948,
    99.6103896103896,
    99.87012987012987,
    99.74025974025975,
    100.0,
    100.0,
    100.0,
    99.87012987012987,
    100.0,
    99.87012987012987,
    99.87012987012987,
    100.0,
    100.0
  ],
  "val_accs": [
    18.840579710144926,
    21.014492753623188,
    52.89855072463768,
    56.52173913043478,
    70.28985507246377,
    60.14492753623188,
    67.3913043478261,
    82.6086956521739,
    78.26086956521739,
    62.31884057971015,
    71.73913043478261,
    77.53623188405797,
    80.43478260869566,
    81.15942028985508,
    81.8840579710145,
    84.05797101449275,
    88.40579710144928,
    85.5072463768116,
    86.23188405797102,
    88.40579710144928,
    89.85507246376811,
    86.95652173913044,
    90.57971014492753,
    88.40579710144928,
    87.68115942028986,
    89.85507246376811,
    89.85507246376811,
    88.40579710144928,
    88.40579710144928,
    88.40579710144928,
    88.40579710144928,
    88.40579710144928,
    88.40579710144928
  ],
  "f1_scores": [
    0.09075955852209824,
    0.21078587344926358,
    0.5138854354559003,
    0.5459130213215779,
    0.6975495696259743,
    0.5859597509980556,
    0.6799273742381136,
    0.8200232108774556,
    0.7834761498071948,
    0.6106075983313836,
    0.7207043914238399,
    0.7795407553792542,
    0.8093848603730465,
    0.8173876102076063,
    0.8111697716684978,
    0.8300048576797159,
    0.8791568195343938,
    0.8465888084881221,
    0.8591888299526197,
    0.8719736593223476,
    0.8860089927023564,
    0.8607090687303222,
    0.9025786223032131,
    0.8803651108830042,
    0.8744323653390441,
    0.8942116963887138,
    0.8958164277933455,
    0.8824383134959539,
    0.8824383134959539,
    0.8814353729372477,
    0.8779544716874679,
    0.8814353729372477,
    0.8779544716874679
  ],
  "final_metrics": {
    "best_f1_weighted": 0.9025786223032131,
    "final_accuracy": 90.57971014492753,
    "final_f1_macro": 0.8956643033192524
  },
  "config": {
    "model": "resnet50",
    "unfreeze_mode": 1,
    "loss_function": "weightedce",
    "batch_size": 32,
    "epochs": 50,
    "fc_layers": null
  }
}