{
  "train_losses": [
    2.122252932301274,
    1.6466906429440886,
    1.3705186736252573,
    1.2965683807377462,
    1.1149952014287312,
    1.0646506426510987,
    1.072142725603448,
    0.993674022524997,
    0.9503843596688023,
    0.8863740091522535,
    0.8246585401120009,
    0.8795570028876817,
    0.9087468390525492,
    0.8470996870762773,
    0.8939569831170417,
    0.6452082268876472,
    0.2877414437405403,
    0.23990168418041086,
    0.14877235236797734,
    0.08189249059968359,
    0.06997201107214922,
    0.09913921365093904,
    0.03371188994160269,
    0.04302330925123638,
    0.028113273789479594,
    0.011949800389633496,
    0.01646118162208956,
    0.013841343896749823,
    0.021332090924463684,
    0.013732887459120836,
    0.010773979221265592,
    0.027620669854337813,
    0.04407845087010905,
    0.004569610714074867,
    0.020151689746366407,
    0.009295025442459325,
    0.012744175236085656,
    0.005174820354678091,
    0.00637852680196412,
    0.04091078076080598,
    0.003960463935323749,
    0.00714558039910397,
    0.003360078070557711
  ],
  "val_losses": [
    1.3619652920299106,
    0.9735541575484805,
    0.8411920639789767,
    0.6370545340081056,
    0.5528730245100127,
    0.4757976089086797,
    0.5268626718057526,
    0.4425956430948443,
    0.5001089488052659,
    0.3723493483331468,
    0.331752336377071,
    0.3027305431250069,
    0.352137413703733,
    0.3505055307307177,
    0.3863528475889729,
    0.21487567487121043,
    0.20254061553148656,
    0.261476591922979,
    0.22227314313802596,
    0.2902423469017826,
    0.2743127797531868,
    0.31329788285039784,
    0.2308546631280611,
    0.27250790272485875,
    0.23376690015991622,
    0.23915984945268398,
    0.25888272170664833,
    0.25277944537394226,
    0.25375051270996113,
    0.18345117414733844,
    0.1680426110120976,
    0.18638202545849422,
    0.17942695348695123,
    0.18505904379326113,
    0.2008029090662874,
    0.20022847616990772,
    0.2295361765815645,
    0.19837884357509317,
    0.19431780933548579,
    0.19457766517977643,
    0.20846190466792877,
    0.20071532179148976,
    0.23023810826027358
  ],
  "train_accs": [
    18.88111888111888,
    32.05128205128205,
    40.675990675990676,
    41.841491841491845,
    49.3006993006993,
    51.981351981351985,
    52.7972027972028,
    54.89510489510489,
    57.69230769230769,
    57.69230769230769,
    58.50815850815851,
    58.857808857808855,
    57.34265734265734,
    57.10955710955711,
    59.09090909090909,
    69.58041958041959,
    82.63403263403264,
    85.78088578088578,
    91.37529137529137,
    93.7062937062937,
    95.45454545454545,
    97.08624708624708,
    96.85314685314685,
    96.73659673659674,
    97.55244755244755,
    99.3006993006993,
    98.48484848484848,
    99.41724941724942,
    98.71794871794872,
    99.3006993006993,
    99.3006993006993,
    99.06759906759906,
    99.41724941724942,
    99.65034965034965,
    98.71794871794872,
    99.76689976689977,
    99.41724941724942,
    99.41724941724942,
    99.3006993006993,
    99.53379953379954,
    99.88344988344988,
    99.53379953379954,
    99.3006993006993
  ],
  "val_accs": [
    19.565217391304348,
    44.927536231884055,
    57.971014492753625,
    62.31884057971015,
    71.01449275362319,
    67.3913043478261,
    64.4927536231884,
    71.01449275362319,
    70.28985507246377,
    76.08695652173913,
    76.08695652173913,
    81.8840579710145,
    78.26086956521739,
    78.26086956521739,
    73.91304347826087,
    84.78260869565217,
    84.78260869565217,
    87.68115942028986,
    84.78260869565217,
    83.33333333333333,
    86.23188405797102,
    86.23188405797102,
    85.5072463768116,
    86.23188405797102,
    89.85507246376811,
    88.40579710144928,
    86.95652173913044,
    89.1304347826087,
    85.5072463768116,
    88.40579710144928,
    91.30434782608695,
    90.57971014492753,
    92.7536231884058,
    89.85507246376811,
    90.57971014492753,
    90.57971014492753,
    88.40579710144928,
    88.40579710144928,
    89.85507246376811,
    86.23188405797102,
    88.40579710144928,
    90.57971014492753,
    89.85507246376811
  ],
  "f1_scores": [
    0.15413499543934328,
    0.4677845560487705,
    0.5667911322419934,
    0.6060447642129844,
    0.7153667775950384,
    0.6626701477692526,
    0.6476329672555089,
    0.7026793258862646,
    0.7067566285203032,
    0.7623294190138284,
    0.7567877660268966,
    0.810946557154943,
    0.7793460319522525,
    0.7829714220258235,
    0.7274147170442524,
    0.8469652573697284,
    0.8461177484168563,
    0.8707654821912595,
    0.8443565192110053,
    0.8356578066342749,
    0.8613381535169776,
    0.8581307273152006,
    0.8501365716090469,
    0.86071636789794,
    0.8940514277915548,
    0.8811205737686885,
    0.8621106689496865,
    0.8886664295789811,
    0.8495451782210929,
    0.8813686728323941,
    0.9133478426690544,
    0.9037942067973618,
    0.9259542076152364,
    0.8965682969782408,
    0.9057083732583533,
    0.9048940407995604,
    0.87962401582925,
    0.8817923120231348,
    0.8981596662836238,
    0.8597940005424857,
    0.881376198535401,
    0.9046609226337956,
    0.8978181263899103
  ],
  "final_metrics": {
    "best_f1_weighted": 0.9259542076152364,
    "final_accuracy": 92.7536231884058,
    "final_f1_macro": 0.926029583180613
  },
  "config": {
    "model": "resnet50",
    "unfreeze_mode": 2,
    "loss_function": "focalloss",
    "batch_size": 8,
    "epochs": 50,
    "fc_layers": null
  }
}