{
  "train_losses": [
    2.431440525054932,
    1.96534423828125,
    1.621671404838562,
    1.2478743481636048,
    1.0812519979476929,
    0.9279802751541137,
    0.9441680645942688,
    0.7849384236335755,
    0.7491710674762726,
    0.6989386570453644,
    0.7059000766277314,
    0.6446673238277435,
    0.5909482777118683,
    0.6109284567832947,
    0.6133206272125244,
    0.3704856890439987,
    0.15675572723150252,
    0.057771742306649686,
    0.053926157490350304,
    0.04956417026929558,
    0.04311770833097398,
    0.010276838273275643,
    0.012792251911014319,
    0.004679268307518214,
    0.05939468145777937,
    0.0037088855821639298,
    0.03995974717574427,
    0.00997612430161098,
    0.036549951735469224,
    0.005128932284278563,
    0.0028788192321007955,
    0.013104274001379963,
    0.00569330418096797,
    0.026562280807374918,
    0.02228057369036833,
    0.027581103542179335,
    0.05632559902885987,
    0.0011715821202960797,
    0.0013336813759087817,
    0.0038214838173007593,
    0.0910962968064996,
    0.0020891617235611194,
    0.06984340132461511,
    0.014902114845244795
  ],
  "val_losses": [
    1.5722867012023927,
    1.4465785264968871,
    1.1251417517662048,
    0.7876279294490814,
    0.8022581756114959,
    0.6936397016048431,
    0.6042174518108367,
    0.48295978307723997,
    0.5023399114608764,
    0.4484172463417053,
    0.4663547933101654,
    0.3720020592212677,
    0.34638486355543135,
    0.3316127464175224,
    0.3205593004822731,
    0.20907165259122848,
    0.17361262440681458,
    0.178084833920002,
    0.19097186326980592,
    0.18150503989309072,
    0.2204374723136425,
    0.1866251200437546,
    0.20273828580975534,
    0.1940226174890995,
    0.19374675378203393,
    0.18571171835064887,
    0.1748298227787018,
    0.21586938053369523,
    0.1926149858161807,
    0.17820078395307065,
    0.1848188556730747,
    0.19426483362913133,
    0.17063214257359505,
    0.1905355967581272,
    0.2056106857955456,
    0.184258309006691,
    0.196730175614357,
    0.1765216924250126,
    0.18999699354171753,
    0.19198432564735413,
    0.1869377501308918,
    0.18128317706286906,
    0.18021702468395234,
    0.1787400111556053
  ],
  "train_accs": [
    14.935064935064934,
    26.103896103896105,
    36.23376623376623,
    45.45454545454545,
    54.02597402597402,
    55.714285714285715,
    57.142857142857146,
    64.93506493506493,
    65.84415584415585,
    64.8051948051948,
    63.37662337662338,
    68.57142857142857,
    68.83116883116882,
    72.07792207792208,
    71.55844155844156,
    79.48051948051948,
    88.57142857142857,
    94.54545454545455,
    96.75324675324676,
    98.18181818181819,
    99.0909090909091,
    98.44155844155844,
    99.22077922077922,
    99.6103896103896,
    99.6103896103896,
    99.74025974025975,
    99.87012987012987,
    99.87012987012987,
    99.87012987012987,
    100.0,
    99.87012987012987,
    99.87012987012987,
    99.87012987012987,
    99.87012987012987,
    100.0,
    99.87012987012987,
    99.74025974025975,
    99.87012987012987,
    100.0,
    100.0,
    99.87012987012987,
    99.87012987012987,
    99.74025974025975,
    100.0
  ],
  "val_accs": [
    24.63768115942029,
    13.043478260869565,
    38.405797101449274,
    59.42028985507246,
    40.57971014492754,
    52.89855072463768,
    54.34782608695652,
    75.3623188405797,
    67.3913043478261,
    71.73913043478261,
    69.56521739130434,
    67.3913043478261,
    80.43478260869566,
    79.71014492753623,
    84.05797101449275,
    84.05797101449275,
    87.68115942028986,
    84.78260869565217,
    86.95652173913044,
    88.40579710144928,
    86.23188405797102,
    88.40579710144928,
    86.95652173913044,
    87.68115942028986,
    88.40579710144928,
    88.40579710144928,
    88.40579710144928,
    87.68115942028986,
    88.40579710144928,
    88.40579710144928,
    87.68115942028986,
    86.95652173913044,
    88.40579710144928,
    89.1304347826087,
    87.68115942028986,
    87.68115942028986,
    87.68115942028986,
    87.68115942028986,
    87.68115942028986,
    87.68115942028986,
    87.68115942028986,
    88.40579710144928,
    88.40579710144928,
    88.40579710144928
  ],
  "f1_scores": [
    0.1526707382094906,
    0.07866895636275464,
    0.3613321053398426,
    0.6203977731309289,
    0.4495417101277215,
    0.4833070778625362,
    0.5534124088471915,
    0.7520584814749801,
    0.6546862396464,
    0.7129343005728341,
    0.6888229861824529,
    0.6702318026472511,
    0.8017436543712537,
    0.8068784420483015,
    0.8397228884910044,
    0.848225657527717,
    0.8818375491343354,
    0.8531746952666929,
    0.8658071626682059,
    0.8831452644018558,
    0.8555584673664723,
    0.8801158426578782,
    0.8643816418376506,
    0.8702111543033187,
    0.8789632666092508,
    0.8795153715091818,
    0.8834149516789069,
    0.8713172683111341,
    0.8789632666092508,
    0.8790686904859412,
    0.8689340407875876,
    0.8595324978401077,
    0.8801714000007491,
    0.8868031651956108,
    0.872349518094199,
    0.8716072297049445,
    0.8669366420510585,
    0.8679583295173573,
    0.8662603663528734,
    0.8670217610178598,
    0.8680084159568576,
    0.8741177498072124,
    0.8741177498072124,
    0.8738882614417386
  ],
  "final_metrics": {
    "best_f1_weighted": 0.8868031651956108,
    "final_accuracy": 89.1304347826087,
    "final_f1_macro": 0.8808569138233465
  },
  "config": {
    "model": "resnet50",
    "unfreeze_mode": 1,
    "loss_function": "focalloss",
    "batch_size": 32,
    "epochs": 50,
    "fc_layers": null
  }
}